Aceh (NAD),Aceh Selatan
Aceh (NAD),Aceh Tenggara
Aceh (NAD),Aceh Timur
Aceh (NAD),Aceh Tengah
Aceh (NAD),Aceh Barat
Aceh (NAD),Aceh Besar
Aceh (NAD),Pidie
Aceh (NAD),Aceh Utara
Aceh (NAD),Simeulue
Aceh (NAD),Aceh Singkil
Aceh (NAD),Bireuen
Aceh (NAD),Aceh Barat Daya
Aceh (NAD),Gayo Lues
Aceh (NAD),Aceh Jaya
Aceh (NAD),Nagan Raya
Aceh (NAD),Aceh Tamiang
Aceh (NAD),Bener Meriah
Aceh (NAD),Pidie Jaya
Aceh (NAD),Kota Banda Aceh
Aceh (NAD),Kota Sabang
Aceh (NAD),Kota Lhokseumawe
Aceh (NAD),Kota Langsa
Aceh (NAD),Kota Subulussalam
Sumatera Utara,Tapanuli Tengah
Sumatera Utara,Tapanuli Utara
Sumatera Utara,Tapanuli Selatan
Sumatera Utara,Nias
Sumatera Utara,Langkat
Sumatera Utara,Karo
Sumatera Utara,Deli Serdang
Sumatera Utara,Simalungun
Sumatera Utara,Asahan
Sumatera Utara,Labuhanbatu
Sumatera Utara,Dairi
Sumatera Utara,Toba
Sumatera Utara,Mandailing Natal
Sumatera Utara,Nias Selatan
Sumatera Utara,Pakpak Bharat
Sumatera Utara,Humbang Hasundutan
Sumatera Utara,Samosir
Sumatera Utara,Serdang Bedagai
Sumatera Utara,Batu Bara
Sumatera Utara,Padang Lawas Utara
Sumatera Utara,Padang Lawas
Sumatera Utara,Labuhanbatu Selatan
Sumatera Utara,Labuhanbatu Utara
Sumatera Utara,Nias Utara
Sumatera Utara,Nias Barat
Sumatera Utara,Kota Medan
Sumatera Utara,Kota Pematangsiantar
Sumatera Utara,Kota Sibolga
Sumatera Utara,Kota Tanjung Balai
Sumatera Utara,Kota Binjai
Sumatera Utara,Kota Tebing Tinggi
Sumatera Utara,Kota Padangsidimpuan
Sumatera Utara,Kota Gunungsitoli
Sumatera Barat,Pesisir Selatan
Sumatera Barat,Solok
Sumatera Barat,Sijunjung
Sumatera Barat,Tanah Datar
Sumatera Barat,Padang Pariaman
Sumatera Barat,Agam
Sumatera Barat,Lima Puluh Kota
Sumatera Barat,Pasaman
Sumatera Barat,Kepulauan Mentawai
Sumatera Barat,Dharmasraya
Sumatera Barat,Solok Selatan
Sumatera Barat,Pasaman Barat
Sumatera Barat,Kota Padang
Sumatera Barat,Kota Solok
Sumatera Barat,Kota Sawahlunto
Sumatera Barat,Kota Padang Panjang
Sumatera Barat,Kota Bukittinggi
Sumatera Barat,Kota Payakumbuh
Sumatera Barat,Kota Pariaman
Riau,Kampar
Riau,Indragiri Hulu
Riau,Bengkalis
Riau,Indragiri Hilir
Riau,Pelalawan
Riau,Rokan Hulu
Riau,Rokan Hilir
Riau,Siak
Riau,Kuantan Singingi
Riau,Kepulauan Meranti
Riau,Kota Pekanbaru
Riau,Kota Dumai
Jambi,Kerinci
Jambi,Merangin
Jambi,Sarolangun
Jambi,Batanghari
Jambi,Muaro Jambi
Jambi,Tanjung Jabung Barat
Jambi,Tanjung Jabung Timur
Jambi,Bungo
Jambi,Tebo
Jambi,Kota Jambi
Jambi,Kota Sungai Penuh
Sumatera Selatan,Ogan Komering Ulu
Sumatera Selatan,Ogan Komering Ilir
Sumatera Selatan,Muara Enim
Sumatera Selatan,Lahat
Sumatera Selatan,Musi Rawas
Sumatera Selatan,Musi Banyuasin
Sumatera Selatan,Banyuasin
Sumatera Selatan,Ogan Komering Ulu Timur
Sumatera Selatan,Ogan Komering Ulu Selatan
Sumatera Selatan,Ogan Ilir
Sumatera Selatan,Empat Lawang
Sumatera Selatan,Penukal Abab Lematang Ilir
Sumatera Selatan,Musi Rawas Utara
Sumatera Selatan,Kota Palembang
Sumatera Selatan,Kota Pagar Alam
Sumatera Selatan,Kota Lubuk Linggau
Sumatera Selatan,Kota Prabumulih
Bengkulu,Bengkulu Selatan
Bengkulu,Rejang Lebong
Bengkulu,Bengkulu Utara
Bengkulu,Kaur
Bengkulu,Seluma
Bengkulu,Muko Muko
Bengkulu,Lebong
Bengkulu,Kepahiang
Bengkulu,Bengkulu Tengah
Bengkulu,Kota Bengkulu
Lampung,Lampung Selatan
Lampung,Lampung Tengah
Lampung,Lampung Utara
Lampung,Lampung Barat
Lampung,Tulang Bawang
Lampung,Tanggamus
Lampung,Lampung Timur
Lampung,Way Kanan
Lampung,Pesawaran
Lampung,Pringsewu
Lampung,Mesuji
Lampung,Tulang Bawang Barat
Lampung,Pesisir Barat
Lampung,Kota Bandar Lampung
Lampung,Kota Metro
Kepulauan Bangka Belitung,Bangka
Kepulauan Bangka Belitung,Belitung
Kepulauan Bangka Belitung,Bangka Selatan
Kepulauan Bangka Belitung,Bangka Tengah
Kepulauan Bangka Belitung,Bangka Barat
Kepulauan Bangka Belitung,Belitung Timur
Kepulauan Bangka Belitung,Kota Pangkal Pinang
Kepulauan Riau,Bintan
Kepulauan Riau,Karimun
Kepulauan Riau,Natuna
Kepulauan Riau,Lingga
Kepulauan Riau,Kepulauan Anambas
Kepulauan Riau,Kota Batam
Kepulauan Riau,Kota Tanjung Pinang
DKI Jakarta,Kepulauan Seribu
DKI Jakarta,Kota Jakarta Pusat
DKI Jakarta,Kota Jakarta Utara
DKI Jakarta,Kota Jakarta Barat
DKI Jakarta,Kota Jakarta Selatan
DKI Jakarta,Kota Jakarta Timur
Jawa Barat,Bogor
Jawa Barat,Sukabumi
Jawa Barat,Cianjur
Jawa Barat,Bandung
Jawa Barat,Garut
Jawa Barat,Tasikmalaya
Jawa Barat,Ciamis
Jawa Barat,Kuningan
Jawa Barat,Cirebon
Jawa Barat,Majalengka
Jawa Barat,Sumedang
Jawa Barat,Indramayu
Jawa Barat,Subang
Jawa Barat,Purwakarta
Jawa Barat,Karawang
Jawa Barat,Bekasi
Jawa Barat,Bandung Barat
Jawa Barat,Pangandaran
Jawa Barat,Kota Bogor
Jawa Barat,Kota Sukabumi
Jawa Barat,Kota Bandung
Jawa Barat,Kota Cirebon
Jawa Barat,Kota Bekasi
Jawa Barat,Kota Depok
Jawa Barat,Kota Cimahi
Jawa Barat,Kota Tasikmalaya
Jawa Barat,Kota Banjar
Jawa Tengah,Cilacap
Jawa Tengah,Banyumas
Jawa Tengah,Purbalingga
Jawa Tengah,Banjarnegara
Jawa Tengah,Kebumen
Jawa Tengah,Purworejo
Jawa Tengah,Wonosobo
Jawa Tengah,Magelang
Jawa Tengah,Boyolali
Jawa Tengah,Klaten
Jawa Tengah,Sukoharjo
Jawa Tengah,Wonogiri
Jawa Tengah,Karanganyar
Jawa Tengah,Sragen
Jawa Tengah,Grobogan
Jawa Tengah,Blora
Jawa Tengah,Rembang
Jawa Tengah,Pati
Jawa Tengah,Kudus
Jawa Tengah,Jepara
Jawa Tengah,Demak
Jawa Tengah,Semarang
Jawa Tengah,Temanggung
Jawa Tengah,Kendal
Jawa Tengah,Batang
Jawa Tengah,Pekalongan
Jawa Tengah,Pemalang
Jawa Tengah,Tegal
Jawa Tengah,Brebes
Jawa Tengah,Kota Magelang
Jawa Tengah,Kota Surakarta
Jawa Tengah,Kota Salatiga
Jawa Tengah,Kota Semarang
Jawa Tengah,Kota Pekalongan
Jawa Tengah,Kota Tegal
DI Yogyakarta,Kulon Progo
DI Yogyakarta,Bantul
DI Yogyakarta,Gunungkidul
DI Yogyakarta,Sleman
DI Yogyakarta,Kota Yogyakarta
Jawa Timur,Pacitan
Jawa Timur,Ponorogo
Jawa Timur,Trenggalek
Jawa Timur,Tulungagung
Jawa Timur,Blitar
Jawa Timur,Kediri
Jawa Timur,Malang
Jawa Timur,Lumajang
Jawa Timur,Jember
Jawa Timur,Banyuwangi
Jawa Timur,Bondowoso
Jawa Timur,Situbondo
Jawa Timur,Probolinggo
Jawa Timur,Pasuruan
Jawa Timur,Sidoarjo
Jawa Timur,Mojokerto
Jawa Timur,Jombang
Jawa Timur,Nganjuk
Jawa Timur,Madiun
Jawa Timur,Magetan
Jawa Timur,Ngawi
Jawa Timur,Bojonegoro
Jawa Timur,Tuban
Jawa Timur,Lamongan
Jawa Timur,Gresik
Jawa Timur,Bangkalan
Jawa Timur,Sampang
Jawa Timur,Pamekasan
Jawa Timur,Sumenep
Jawa Timur,Kota Kediri
Jawa Timur,Kota Blitar
Jawa Timur,Kota Malang
Jawa Timur,Kota Probolinggo
Jawa Timur,Kota Pasuruan
Jawa Timur,Kota Mojokerto
Jawa Timur,Kota Madiun
Jawa Timur,Kota Surabaya
Jawa Timur,Kota Batu
Banten,Pandeglang
Banten,Lebak
Banten,Tangerang
Banten,Serang
Banten,Kota Tangerang
Banten,Kota Cilegon
Banten,Kota Serang
Banten,Kota Tangerang Selatan
Bali,Jembrana
Bali,Tabanan
Bali,Badung
Bali,Gianyar
Bali,Klungkung
Bali,Bangli
Bali,Karangasem
Bali,Buleleng
Bali,Kota Denpasar
Nusa Tenggara Barat (NTB),Lombok Barat
Nusa Tenggara Barat (NTB),Lombok Tengah
Nusa Tenggara Barat (NTB),Lombok Timur
Nusa Tenggara Barat (NTB),Sumbawa
Nusa Tenggara Barat (NTB),Dompu
Nusa Tenggara Barat (NTB),Bima
Nusa Tenggara Barat (NTB),Sumbawa Barat
Nusa Tenggara Barat (NTB),Lombok Utara
Nusa Tenggara Barat (NTB),Kota Mataram
Nusa Tenggara Barat (NTB),Kota Bima
Nusa Tenggara Timur (NTT),Kupang
Nusa Tenggara Timur (NTT),Timor Tengah Selatan
Nusa Tenggara Timur (NTT),Timor Tengah Utara
Nusa Tenggara Timur (NTT),Belu
Nusa Tenggara Timur (NTT),Alor
Nusa Tenggara Timur (NTT),Flores Timur
Nusa Tenggara Timur (NTT),Sikka
Nusa Tenggara Timur (NTT),Ende
Nusa Tenggara Timur (NTT),Ngada
Nusa Tenggara Timur (NTT),Manggarai
Nusa Tenggara Timur (NTT),Sumba Timur
Nusa Tenggara Timur (NTT),Sumba Barat
Nusa Tenggara Timur (NTT),Lembata
Nusa Tenggara Timur (NTT),Rote Ndao
Nusa Tenggara Timur (NTT),Manggarai Barat
Nusa Tenggara Timur (NTT),Nagekeo
Nusa Tenggara Timur (NTT),Sumba Tengah
Nusa Tenggara Timur (NTT),Sumba Barat Daya
Nusa Tenggara Timur (NTT),Manggarai Timur
Nusa Tenggara Timur (NTT),Sabu Raijua
Nusa Tenggara Timur (NTT),Malaka
Nusa Tenggara Timur (NTT),Kota Kupang
Kalimantan Barat,Sambas
Kalimantan Barat,Mempawah
Kalimantan Barat,Sanggau
Kalimantan Barat,Ketapang
Kalimantan Barat,Sintang
Kalimantan Barat,Kapuas Hulu
Kalimantan Barat,Bengkayang
Kalimantan Barat,Landak
Kalimantan Barat,Sekadau
Kalimantan Barat,Melawi
Kalimantan Barat,Kayong Utara
Kalimantan Barat,Kubu Raya
Kalimantan Barat,Kota Pontianak
Kalimantan Barat,Kota Singkawang
Kalimantan Tengah,Kotawaringin Barat
Kalimantan Tengah,Kotawaringin Timur
Kalimantan Tengah,Kapuas
Kalimantan Tengah,Barito Selatan
Kalimantan Tengah,Barito Utara
Kalimantan Tengah,Katingan
Kalimantan Tengah,Seruyan
Kalimantan Tengah,Sukamara
Kalimantan Tengah,Lamandau
Kalimantan Tengah,Gunung Mas
Kalimantan Tengah,Pulang Pisau
Kalimantan Tengah,Murung Raya
Kalimantan Tengah,Barito Timur
Kalimantan Tengah,Kota Palangkaraya
Kalimantan Selatan,Tanah Laut
Kalimantan Selatan,Kotabaru
Kalimantan Selatan,Banjar
Kalimantan Selatan,Barito Kuala
Kalimantan Selatan,Tapin
Kalimantan Selatan,Hulu Sungai Selatan
Kalimantan Selatan,Hulu Sungai Tengah
Kalimantan Selatan,Hulu Sungai Utara
Kalimantan Selatan,Tabalong
Kalimantan Selatan,Tanah Bumbu
Kalimantan Selatan,Balangan
Kalimantan Selatan,Kota Banjarmasin
Kalimantan Selatan,Kota Banjarbaru
Kalimantan Timur,Paser
Kalimantan Timur,Kutai Kartanegara
Kalimantan Timur,Berau
Kalimantan Timur,Kutai Barat
Kalimantan Timur,Kutai Timur
Kalimantan Timur,Penajam Paser Utara
Kalimantan Timur,Mahakam Ulu
Kalimantan Timur,Kota Balikpapan
Kalimantan Timur,Kota Samarinda
Kalimantan Timur,Kota Bontang
Kalimantan Utara,Bulungan
Kalimantan Utara,Malinau
Kalimantan Utara,Nunukan
Kalimantan Utara,Tana Tidung
Kalimantan Utara,Kota Tarakan
Sulawesi Utara,Bolaang Mongondow
Sulawesi Utara,Minahasa
Sulawesi Utara,Kepulauan Sangihe
Sulawesi Utara,Kepulauan Talaud
Sulawesi Utara,Minahasa Selatan
Sulawesi Utara,Minahasa Utara
Sulawesi Utara,Minahasa Tenggara
Sulawesi Utara,Bolaang Mongondow Utara
Sulawesi Utara,Kepulauan Siau Tagulandang Biaro (Sitaro)
Sulawesi Utara,Bolaang Mongondow Timur
Sulawesi Utara,Bolaang Mongondow Selatan
Sulawesi Utara,Kota Manado
Sulawesi Utara,Kota Bitung
Sulawesi Utara,Kota Tomohon
Sulawesi Utara,Kota Kotamobagu
Sulawesi Tengah,Banggai
Sulawesi Tengah,Poso
Sulawesi Tengah,Donggala
Sulawesi Tengah,Toli Toli
Sulawesi Tengah,Buol
Sulawesi Tengah,Morowali
Sulawesi Tengah,Banggai Kepulauan
Sulawesi Tengah,Parigi Moutong
Sulawesi Tengah,Tojo Una Una
Sulawesi Tengah,Sigi
Sulawesi Tengah,Banggai Laut
Sulawesi Tengah,Morowali Utara
Sulawesi Tengah,Kota Palu
Sulawesi Selatan,Kepulauan Selayar
Sulawesi Selatan,Bulukumba
Sulawesi Selatan,Bantaeng
Sulawesi Selatan,Jeneponto
Sulawesi Selatan,Takalar
Sulawesi Selatan,Gowa
Sulawesi Selatan,Sinjai
Sulawesi Selatan,Bone
Sulawesi Selatan,Maros
Sulawesi Selatan,Pangkajene Kepulauan
Sulawesi Selatan,Barru
Sulawesi Selatan,Soppeng
Sulawesi Selatan,Wajo
Sulawesi Selatan,Sidenreng Rappang
Sulawesi Selatan,Pinrang
Sulawesi Selatan,Enrekang
Sulawesi Selatan,Luwu
Sulawesi Selatan,Tana Toraja
Sulawesi Selatan,Luwu Utara
Sulawesi Selatan,Luwu Timur
Sulawesi Selatan,Toraja Utara
Sulawesi Selatan,Kota Makassar
Sulawesi Selatan,Kota Pare Pare
Sulawesi Selatan,Kota Palopo
Sulawesi Tenggara,Kolaka
Sulawesi Tenggara,Konawe
Sulawesi Tenggara,Muna
Sulawesi Tenggara,Buton
Sulawesi Tenggara,Konawe Selatan
Sulawesi Tenggara,Bombana
Sulawesi Tenggara,Wakatobi
Sulawesi Tenggara,Kolaka Utara
Sulawesi Tenggara,Konawe Utara
Sulawesi Tenggara,Buton Utara
Sulawesi Tenggara,Kolaka Timur
Sulawesi Tenggara,Konawe Kepulauan
Sulawesi Tenggara,Muna Barat
Sulawesi Tenggara,Buton Tengah
Sulawesi Tenggara,Buton Selatan
Sulawesi Tenggara,Kota Kendari
Sulawesi Tenggara,Kota Bau Bau
Gorontalo,Gorontalo
Gorontalo,Boalemo
Gorontalo,Bone Bolango
Gorontalo,Pahuwato
Gorontalo,Gorontalo Utara
Gorontalo,Kota Gorontalo
Sulawesi Barat,Pasangkayu (Mamuju Utara)
Sulawesi Barat,Mamuju
Sulawesi Barat,Mamasa
Sulawesi Barat,Polewali Mandar
Sulawesi Barat,Majene
Sulawesi Barat,Mamuju Tengah
Maluku,Maluku Tengah
Maluku,Maluku Tenggara
Maluku,Kepulauan Tanimbar (Maluku Tenggara Barat)
Maluku,Buru
Maluku,Seram Bagian Timur
Maluku,Seram Bagian Barat
Maluku,Kepulauan Aru
Maluku,Maluku Barat Daya
Maluku,Buru Selatan
Maluku,Kota Ambon
Maluku,Kota Tual
Maluku Utara,Halmahera Barat
Maluku Utara,Halmahera Tengah
Maluku Utara,Halmahera Utara
Maluku Utara,Halmahera Selatan
Maluku Utara,Kepulauan Sula
Maluku Utara,Halmahera Timur
Maluku Utara,Pulau Morotai
Maluku Utara,Pulau Taliabu
Maluku Utara,Kota Ternate
Maluku Utara,Kota Tidore Kepulauan
Papua,Jayapura
Papua,Kepulauan Yapen
Papua,Biak Numfor
Papua,Sarmi
Papua,Keerom
Papua,Waropen
Papua,Supiori
Papua,Mamberamo Raya
Papua,Kota Jayapura
Papua Barat,Manokwari
Papua Barat,Fak Fak
Papua Barat,Teluk Bintuni
Papua Barat,Teluk Wondama
Papua Barat,Kaimana
Papua Barat,Manokwari Selatan
Papua Barat,Pegunungan Arfak
Papua Selatan,Merauke
Papua Selatan,Boven Digoel
Papua Selatan,Mappi
Papua Selatan,Asmat
Papua Tengah,Nabire
Papua Tengah,Puncak Jaya
Papua Tengah,Paniai
Papua Tengah,Mimika
Papua Tengah,Puncak
Papua Tengah,Dogiyai
Papua Tengah,Intan Jaya
Papua Tengah,Deiyai
Papua Pegunungan,Jayawijaya
Papua Pegunungan,Pegunungan Bintang
Papua Pegunungan,Yahukimo
Papua Pegunungan,Tolikara
Papua Pegunungan,Mamberamo Tengah
Papua Pegunungan,Yalimo
Papua Pegunungan,Lanny Jaya
Papua Pegunungan,Nduga
Papua Barat Daya,Sorong
Papua Barat Daya,Sorong Selatan
Papua Barat Daya,Raja Ampat
Papua Barat Daya,Tambrauw
Papua Barat Daya,Maybrat
Papua Barat Daya,Kota Sorong
